ClientId,ClientName,ClientPassword
lyric-braun,Lyric Braun,uX9BGa0lvsJK7JVtIYB60WsTqAQkWYKaOGfCGC3SzLGOg7zeDa6i2x6FWzoLA5enhDqYOQGd
alexandre-beahan,Alexandre Beahan,KlrMrBOCtCXdWwYCsTpHdY60kUJwStxsyknMB4EJotF0z3H3oUilZs8VsKHZvnQ8ms0DWhC
miss-morton-keebler,Miss Morton Keebler,cWdoTxXTQcP5zxiJtt4dkzV02dsMKWVjh87VWiNWvhfLM04paelxwCjVx4Yhn
green-crona,Green Crona,8qZISNFKfmK0I9KJxXakUISmjcRNXiGRP8t8RkS437y4lRCvBEpKEGZP5hfEpRxUF6SCNH6qpEocXzpy
gerry-bayer,Gerry Bayer,GghWx0e7jz6Ux82wjsUMExyZuAATkbZWoVKkqa5AwiJjWOtjqFPMohZDf13BMcAFfEYTdzM
pink-murphy,Pink Murphy,vctDw3EmcSVPRldG7C88SQFdwdVDV41N3lZgenDY4EO6HiclqyqsXiMu
moses-schuppe-dvm,Moses Schuppe DVM,Hut7MKeKhV5NlxjWFoXWlRXg63X0kh1PpUZkySNfepfLPq5Yv71ryxsRShRdkfNP1uqb6
dustin-cummerata,Dustin Cummerata,DZKHG7x6ISYfPV6CUyD6OkIeolAQU0q1kcjefqWZRfEIo2ykmXural
sid-barrows,Sid Barrows,VgL3HGPHB7PmFntWiyNuIcCJgbA4X5M26OoycCpOjJgfbxHRrQGYVTuEHwnb0MdyF
halle-windler,Halle Windler,dlsRns6ydUZbxq0jVUT8k4QYxcWyK5nIVUKBkwQc06UYrkB9LsSbPYFVJ4DbiTzJJm3EJy
oswaldo-price,Oswaldo Price,tRkdOFyf9Uk0qTQpYE08EkP44ZJlXFBKutOdw5RZZsesyRqPpHLdDDsxFXZUS3iLx2C7C1rxbl4I7rv
dr-edd-kessler,Dr. Edd Kessler,Z3g8l7phi4jOW3U8remYYoWvG0bowiRWJ15pOnT2ACuBY6cOdVFFvk8GZMQZXVYFF9JI43BRU1
linda-conn,Linda Conn,o0hFD3iIixUF00dZIyHlf5STkfZuWqy5GX4C9NYxeThjEBTafrv1461fao7QjTRvdno8
wellington-reichel,Wellington Reichel,obGl195cj1MlVtOUNgdU4Wb6H8hmzfHijY9nAj0oJ9Yf7da0ALfI74QdjqAT9AjlX
willow-davis,Willow Davis,pIwYhJ4tHE01gECEKElHOWVVqxB8VEr3EPpjeE23fauSOILQz59i32gskOBEf7fSiPybUmxoliWkJFST
brayan-conn,Brayan Conn,vjfNSQJ5RHmSqz8XBCsDlxGFt92zKV7jVCbMN5rWfv3IwvndlmtHla42V9xgDeHzAkm6MDc
roy-franecki,Roy Franecki,VZ06ybD0LMvVph7P2ho2q7MKsXJh3FV24VigVFxaKnG2oDxHIt7BADe3oxIDaxKnqlZM97VZV18zU3B
osbaldo-littel,Osbaldo Littel,ZsyggWeIlEMVoiMo80PTnDi6QThM97x4IpTw95EMbgMCuNDQ6mpMHi1Z02nWjrh
william-bins,William Bins,fpwSCN5Dz6LYDYajWDohdcVMx8c6GsUYaIxeGFl9riBkCm5AlmyKqVmwFfg
giovanny-mante-ii,Giovanny Mante II,7CglzwxHJBZJPyTsHxdgIwkWK3LTMH6rsKqsKM9lLoiPYlNsythSyo56JBKdLua95z
shanny-nitzsche-dvm,Shanny Nitzsche DVM,9dNoX87sETxK4ad0Pdc8AJ7IW92Ticex6tTns3hbe98kVb17ZBg2aoAgF1PaU6Nm7OoIAYPPJlbTii
maryse-klocko,Maryse Klocko,5TYLG1UO4zEZbgW8oJhQRXkSBZUAxG0IF2vKuK4P7HULBAiAPidkFXhP
adriana-kozey,Adriana Kozey,AAVWfW5OBH4geEUrg2hWvXCq3IwBkIVHfsTUzhHwBeME9fICFCuoZ4gz7wgsQ
lula-dach-iv,Lula Dach IV,cWt4I0SyqtiwJQczRo0Ms7WBxT55BTcdfOWytLeJBNPrzM5gJtvD8fxvQrcScQw
mrs-chanel-doyle,Mrs. Chanel Doyle,1JZZOd9kVsGI0XNyOWTUURQI2hTXapKfg1c9GBvh7NQmSHUS2MKCID50pWxQJkDv21A360GEi
larue-turner,Larue Turner,GtYeVmQZjhhsGXGiXBdvnAOmOBhjYvRg5a4JIoR0OpiXmGWtEdn3ULFPnUxtMAvwu06ldBzdcQwW
myrtice-osinski,Myrtice Osinski,BMKoqtUGtpe0a12O7TZ3m5DWR8IwVAcFXRpJNwzVSlsYpx50QbWPp
velma-rice,Velma Rice,olTzzRvJCmLBxoJ0rQYMGqCAKyYboopHUm70CIXPSlhZG4rSlQ5GA
emilie-franecki,Emilie Franecki,vEGSelbYQdqhZ9a6V2T6sX0XxZqTQ9Q5m0u8L98kJUZLD4QgOFEeSNHV4wwZX8Pz6nJfgZ9TGoDBP
mrs-benjamin-spinka,Mrs. Benjamin Spinka,cwFoYlW5hDNbYoSJDVHMDf5I3JPJ3VvV2JIECI70bbQH3VI5is93fTeHffHfNr9cnILSF96LoM
mr-addie-rutherford,Mr. Addie Rutherford,ZULVJzp4KZQG3qYyGb8lqBqFdxp4hA1BwtmfyRSdR9mPBZTI3LyC
miss-kiana-cole,Miss Kiana Cole,3A7nBUDuxARCRT1U0tJmnN34XTrR1WsWmHFTNf2uTEJQldMViVHHdmFiaXzD5dmb7j
frances-christiansen-dds,Frances Christiansen DDS,MLe2bVxupUCvPBrtrh2sLW03IFukuiSrpZCbE3Cl1Qagcr7m7oDRwbd1MNXwP2QW08HBdC
missouri-streich,Missouri Streich,xZyFHgX110MTT9BGCGjIG6o6QBmJ3VLsjs5FIURlAHW7TyDTkwwg6Kv5B2ELElSyTsgDeFKg9Pyw
lela-moore,Lela Moore,lIUU3fH7yM0hFhgZmzimUxIGk6hoZEya82A6Y5YIny2fxpNit44vZknTC4WBuudsxYWXYuBejj
delores-turner,Delores Turner,qqg9cutueO5Q1gD6rsqPYnNQZUsD9IZe3bTfYZUwE2NODu5RmdLa4qPkQfY2etqjKTGTN5weN9ANy7O
mr-rae-huel,Mr. Rae Huel,IVCWgKpq46DA1LmcvUwR9ur0buO3pcSRCKaSAtsZSVdHMMOSPAWkAMmc6r8psiYtDMoa6EJCWncWT
lorenz-lueilwitz,Lorenz Lueilwitz,fFGt8NPnRTDa7w031xqo6RQZJE6DlRiC0LO3pUPH1sTNt0byUs
mr-alysson-gulgowski,Mr. Alysson Gulgowski,83BT7C49muoXH46ArpJJFzkoLzVsUPtT8ROWgIkVvVYNeLLW97kYGHhoICxO51Z
april-lesch,April Lesch,G9JvuWeepBvHUcRxg18qtcCEaqPlEolzkMgU3EgveEdKTYpsWip9c4rFKFCL2
jordyn-aufderhar,Jordyn Aufderhar,j1k8wrajmLayb9wuAgm7i46L5gpSmJea2FYPUAD2fv0OCrHNp4MMc8R8IqfcCkFcwoVGgo
westley-terry,Westley Terry,3OEVH3U6zfR9rNSivMKrgJqNfy5n9wUCFuD9p9VahPpqwNtJFsPYgJ4RwlgjKSc2jloGtafWZEB
kevin-kohler,Kevin Kohler,ZQgFnbJPZyAAVp5D7k1myyYkpBXSH4oCNE3i3wyjzpPX4KLAt3i2
jamil-pacocha,Jamil Pacocha,4lqCri4l2aXeNPTKvT3rDBZ9k8WZQCyae5gtglPTAfXi774ogomWZ7g2VejdTNbgJyBTAQiyxKL
miss-verna-weissnat,Miss Verna Weissnat,vyxK9X0BPFYAG0dF3zKjf1TOPgupgr0VkDGZGHShRoGBwUxlQUx6Juxn
kurt-graham,Kurt Graham,OiJeP5ta1akvbFnqEeyBXGR6s0bbtBHxUgR8sCeEnH9LZpoHLLItcLq64JoyRpzNkPTfMXESKk
lance-watsica,Lance Watsica,YIha9Rv083yGEAriI2bkCJE1ertbr9waHJh4BTZS4qwajVHVWzl
mr-destany-jakubowski,Mr. Destany Jakubowski,WalOvUZW5cs1fI7E0C2DRpexOmg4oWLedjELC7GoXH2HIsM0YvLbX
barrett-mcclure,Barrett McClure,Umsx6QoWf1Nr970MrUjVvMpnTG6tnQfQOjByLDuCnbOA0EGr7hX3o6j
emilio-heaney,Emilio Heaney,rpN9h3MtojXb7ImXH9mjwSBmv6qWmjTu5EVJFjG1LAHRa3U6Zts8ItyrL7
dr-percival-d-amore,Dr. Percival D'Amore,PZbYHK4V6zcd3P6T2S04nPC3VyV2zh2c3LJUrSFFN7hgi91RsDYIfQpH3ZW2a2l0Q9SCoddAgI
annetta-bergstrom,Annetta Bergstrom,QIwejoVmKRbVwFG5aQfj7j8Wsqm1vi3kxAuijgzxDJKKeie9haF8KJzjS2vfOkHIum6kEG
dewayne-carroll-iv,Dewayne Carroll IV,Q878zU7hidCXvfN00Lcq5AK8mdEs9vj2nrAxdVzk2He2eve8OYN0uJghFypwrmtCphGWzM
miss-nakia-fadel,Miss Nakia Fadel,OJcbFhLGpuivx1T6EfBNMbA8d9g1V87DoC8CInajky9gBOMuMzQ0PD1ODM8gWK7JdmyG0Be6Yh2HH
patrick-zboncak-jr,Patrick Zboncak Jr.,FoOavojo0KWnk2omZhBXmT3eTqCdbtl5RF4B8l10yUaYya8Ti9TkPkzGJ
connie-dibbert,Connie Dibbert,uennMrkKuASsAYeu7IrUmfSyG6yw3wQqGpBelmvB9BnxKb3eaYtq
miss-cameron-boehm,Miss Cameron Boehm,c2GlOB8LNHCzmJO1nuio9dQfgxQTzU1FIInHe6lN7WNSAD5Jo8pK1N88pFl
ms-aliza-daugherty,Ms. Aliza Daugherty,tA7t7GDfeSU2cqi8f5pOzMVlzI1iomgDWzbFmspVhrUsS9t76mT0MsaX0jcr8nGaHo
zoey-wolf,Zoey Wolf,CLd7ZkN6Hx03uAD7kYtovKqmLC2Zx88TIgpYrsKt4PcZYg0Ta8YKMy673KOQxeJSMo1NMnN
luis-wehner,Luis Wehner,YJoU8CjpeJnapmFDM91vFhkMlIGR9U2bqpHraRsjylX9nQwyz2YHo90gaYibPtKGv9HrrE8lhzJ5fWo
mr-serena-mills,Mr. Serena Mills,tWccHE9rCecbdu7qgXbjJQeMoTqwn4aMhxJ7cLq56FQMJcXlZl9hPpZMe
nayeli-jones-ii,Nayeli Jones II,BVk6dtkCpozQT7gH8KV0Ss4ZhqRJFHgh8uEGmF4odyu7Wilc0gvVyLgf6l6j8d
ms-reba-o-kon,Ms. Reba O'Kon,Kr308X3VtqgFzfLt6QnbtQVw4VKKTJhw23tefXvJaSLZDBLsxuhQivt1H72a
ms-wava-langworth,Ms. Wava Langworth,JGKFKl0diJUQdHq0ESAcb9KwMDOqtsKvYyZdoXeSFznkKmGsztt0zekQiGhOuEWo6
enoch-bogan,Enoch Bogan,QWrstGSVdgm1OuM5bStKCnT5l67CptGkkuzEMvKzYh6eFf3hJ7ak4aeVDDbxsgiIh
trevor-brakus-i,Trevor Brakus I,NGzS4gEwywfHqMJOY83Bd9GeWShWTnn9AxCvWVNVIsWlUo8mNLvXy9isq6y0lSzKnNW
tabitha-balistreri,Tabitha Balistreri,qRyyN1gewppVPwLCExdQQ0ApHGcMevpQRYFoI56PswWZXiT1yxur1dcdLj8pUQhIow
miss-darryl-pfeffer,Miss Darryl Pfeffer,mCs9dBHoEYJgEZSQKcmRwwzQfDPb2Fn1FpNJ5DRT1k6630bii0JbHiAgPpPwfa7Mf2Xo
holly-medhurst,Holly Medhurst,bnF2tsoRVzn1kcuQopAMxyIQabmd9b6EzWTlxQuKsaDzl0ATTF
rachelle-funk,Rachelle Funk,rASExCMks55gYfhjNGOAxoo8RzDl8eoFXQHypN4NyycbBrxky5q1DyDjfP4zbt4K465R
mallie-green,Mallie Green,cDqGX7Daus4PbHc1ziEEjRcXyqzIO3DIGTRGT3KXcA0ZnZBQhQBTA7bw4hq0E
estrella-reilly-sr,Estrella Reilly Sr.,CnIBDbxx9Lk8xNsJqsZTmsxajp5OeGk7ww5TtoAtD4l4z7mNPOLECULUn6Q
candelario-funk,Candelario Funk,gOYLdHGf8H7QsE1dXcDc2KnZcDmT0dvTyfV4XUscwBmiCqZNO5qi9UPpSPPmCIw7uVb
kiel-prohaska,Kiel Prohaska,maO4W0ktAkCKhVwMOuRcRhSCsZp7ikAFkRpv6ZyUf77qyawQ8dSKMc
charity-smith-dvm,Charity Smith DVM,sBV8kUxsEWuCyJi41mSbSwYCb7pzVhCSStCg8uTxbi3Jn66Nx3St
ms-kareem-mcglynn,Ms. Kareem McGlynn,nR2BXzth11LLzuHkUGevVZed0j6TfIVloppUltPPX0CQIFPXb76QU2av2vbfS
lawson-klocko-md,Lawson Klocko MD,xyYTa75yVsI5IX9xkK7iHHchsuwh2URAQFb6oGSsoD6wBRY6DZ4u
destini-kessler,Destini Kessler,GXeJXGbygxtt6zq6dS60ibCUhiagXXNXEM87nj4o943FsAImTPEJY6kZasNBX0ocEk7tNZAHeDnCD
titus-effertz-iii,Titus Effertz III,sYAeYvfNKCziJltAvnJD9unDk1fpOe85NaC5AJ5Jw4TQjsAkJeyPo5
yasmin-hoeger-phd,Yasmin Hoeger PhD,UVSCY76a4n21lLEmTzYM12Tx51bCZLj5GgmRuwg9ML5NcBbG2vdEgeo1kylJ42TjFmC5avbLnxHxqykr
ericka-jacobson,Ericka Jacobson,CI0SGUYpsVAiSezWBwBB1cUhFUqyQ69IJdyuadBwRO972TJsfoRZtIw0m2rbdi0nDPqS
pablo-collins-dds,Pablo Collins DDS,TCnkP56gqvHx0Hm5oYOJTqSsq3ZsS9SxeGfpNSbslvSB41VJArWzjDvmd0Bsfl
rod-stokes,Rod Stokes,5KOLqqU0Pa8WpEujiraScnrdgwWdJiP1nfz2MLeJoyPwsj1xjJwNOVe9xK
lola-brown,Lola Brown,yhFMo8vv9uVPL4IS5n6VajAUL4KZ7zrrskw2558ubOnqGHX0RL5sZULadofdfBx7Q7A
aliyah-fisher,Aliyah Fisher,aeOINHyqU3zFxn1Oo0h3u3l9kKvWtDm6e3HBlUQ5LPD3wgJjhpG13ju3LGEt1r2
mrs-loyce-kohler,Mrs. Loyce Kohler,6zHHzampdoNwLMACS7bLUcJhyOluNni4ZYPtdlK3ScZcdDN4XEpba5hkfjuiJK
dr-haskell-cronin,Dr. Haskell Cronin,tbK9hRKIFNmuC1aGkpWRYmV1zFfQOzHT4qx4CqJOPRMBqBkmug1Fq5fBtW1iziumquvz6H
anabel-kuhn,Anabel Kuhn,Is4HS5Vs5J7lup8oFmvHnNywj0ohy1VbKkLk3QaYlZPAfOxHXqYoxbLAoNG
annabelle-mann,Annabelle Mann,KHTQouBtPPrOtrnWUeB0C8XBbnu3kpOeSyOuEBFGpyrJoZaAiDVdDmKmscGY1ywf
michael-raynor,Michael Raynor,iU2d6n4VR8O8IH9m4cTrk4ppNOq05lR9RHEmw1dqT7mbDgK8BAel3RA2EeSXqRNk86YW6rGbV
mr-jarod-howell,Mr. Jarod Howell,UVKRRHP02KzqCQzWI6zwwS9KRVzrbBP7B0k0Ig1U7wDMgU03TuqxkZD6VeXpg1XCCL7J9ecJVn5jZdwX
dr-lera-grimes,Dr. Lera Grimes,zmKfaWBVwGzXYPydkIFgnxCB8BbKyzZ13oj6zSW8on3qrid3cXQSdoL
trent-hackett,Trent Hackett,bYjIR6aAPu3MkbYz72W7a6QIguBTo1USrMwUE4y8C6mxQduieQGve4PsDp8x9Rsa
monserrate-lemke,Monserrate Lemke,EjcHDNQcmc175j4jReXLbd2YD0lyT8BoP1DGjSEZQG2D1Ff4uzsJ6jWEJ7KxbeDXuOI8M6Tl
miracle-baumbach-sr,Miracle Baumbach Sr.,BAxjN89nwG6YGtxZo3L6rxuXe4PXVMzI2bvVtzosbQQsi3GKgpzYA9TNy6GCIr0hGoS6wZ40b
isabel-beer-iii,Isabel Beer III,XYUKinNVbwj535rohURw9QOJz7Xm9srFWlYPnV2Nugn4WfxdngM4mvScKGEd
jovan-mann,Jovan Mann,HErDKZ8oFpVPQtRHU4HCCenU0H2klb2rkalUnMB22nxj6vuq5be1ujHWiMeBA7PA
miss-karlie-mann,Miss Karlie Mann,vu2YSEIfCCjENo9D0HkLWF1vvPw1NSMyyJL158eutOXkt00UnYpKSt0fDuDy1BMdgdo2mUYtElgcSz
anissa-russel,Anissa Russel,byqkZ8c6q2U1x79DGFDixZYDy0bNCyxRxvMrxAUz44moQdBupjGGPD1ol3WZEZSDTCgE7r
dusty-mohr,Dusty Mohr,bmyxzmsDDOEVAYKI8Q5CBosEwClspXeHKFbdndIAJKt5WihM6SsHuVGGqcwTSd
